Books Apperences,Porcentaje por genero
469,22.018779342723004
1661,77.98122065727699
